"0","# 自定义想看的国家"
"0","top_countries <- c(""Finland"", ""Norway"", ""Denmark"", ""United States"", ""China"", ""India"")"
"0",""
"0","library(ggplot2)"
"0",""
"0","happiness_all %>%"
"0","  filter(Country %in% top_countries) %>%"
"0","  ggplot(aes(x = Year, y = HappinessScore, color = Country)) +"
"0","  geom_line(size = 1.2) +"
"0","  geom_point(size = 2) +"
"0","  labs(title = ""代表国家幸福指数随时间变化"", y = ""幸福指数"", x = ""年份"") +"
"0","  theme_minimal()"
"0",""
