{"chunk_definitions":[{"row":37,"row_count":1,"visible":true,"expansion_state":0,"options":{"engine":"r","label":"setup","include":false,"dev":"png"},"document_id":"C7701F2B","chunk_id":"csetup_chunk","chunk_label":"setup"},{"row":101,"row_count":1,"visible":true,"expansion_state":0,"options":{"engine":"r","label":"cars","dev":"png"},"document_id":"C7701F2B","chunk_id":"cfwm83xrkb4fz","chunk_label":"unnamed-chunk-1"},{"row":107,"row_count":1,"visible":true,"expansion_state":1,"options":{"engine":"r","label":"unnamed-chunk-10","dev":"png"},"document_id":"C7701F2B","chunk_id":"csyodp05b8b3t","chunk_label":"unnamed-chunk-2"},{"row":122,"row_count":1,"visible":true,"expansion_state":0,"options":{"engine":"r","label":"unnamed-chunk-35","dev":"png"},"document_id":"C7701F2B","chunk_id":"cbs0hg3swqzbe","chunk_label":"unnamed-chunk-3"},{"row":143,"row_count":1,"visible":true,"expansion_state":0,"options":{"engine":"r","label":"unnamed-chunk-38","dev":"png"},"document_id":"C7701F2B","chunk_id":"cv6raerpe4062","chunk_label":"unnamed-chunk-5"},{"row":132,"row_count":1,"visible":true,"expansion_state":0,"options":{"engine":"r","label":"unnamed-chunk-36","dev":"png"},"document_id":"C7701F2B","chunk_id":"c999e0bezp4pi","chunk_label":"unnamed-chunk-4"},{"row":158,"row_count":1,"visible":true,"expansion_state":0,"options":{"engine":"r","label":"unnamed-chunk-39","dev":"png"},"document_id":"C7701F2B","chunk_id":"c0yfg1mlkjewk","chunk_label":"unnamed-chunk-6"},{"row":172,"row_count":1,"visible":true,"expansion_state":0,"options":{"engine":"r","label":"unnamed-chunk-42","dev":"png"},"document_id":"C7701F2B","chunk_id":"cecm0rczjgagv","chunk_label":"unnamed-chunk-7"},{"row":192,"row_count":1,"visible":true,"expansion_state":0,"options":{"engine":"r","label":"unnamed-chunk-44","dev":"png"},"document_id":"C7701F2B","chunk_id":"cor4w3v7mgdpw","chunk_label":"unnamed-chunk-8"},{"row":226,"row_count":1,"visible":true,"expansion_state":0,"options":{"engine":"r","label":"unnamed-chunk-45","dev":"png"},"document_id":"C7701F2B","chunk_id":"c58z3mx7q6kzx","chunk_label":"unnamed-chunk-9"},{"row":249,"row_count":1,"visible":true,"expansion_state":0,"options":{"engine":"r","label":"unnamed-chunk-46","dev":"png"},"document_id":"C7701F2B","chunk_id":"clksrlq5vefsp","chunk_label":"unnamed-chunk-10"},{"row":279,"row_count":1,"visible":true,"expansion_state":0,"options":{"engine":"r","label":"unnamed-chunk-48","dev":"png"},"document_id":"C7701F2B","chunk_id":"cb97316pfvje1","chunk_label":"unnamed-chunk-11"},{"row":305,"row_count":1,"visible":true,"expansion_state":0,"options":{"engine":"r","label":"unnamed-chunk-49","dev":"png"},"document_id":"C7701F2B","chunk_id":"cqvg9ps7xaufx","chunk_label":"unnamed-chunk-12"},{"row":356,"row_count":1,"visible":true,"expansion_state":0,"options":{"engine":"r","label":"unnamed-chunk-50","dev":"png"},"document_id":"C7701F2B","chunk_id":"cxeiz20qidpzh","chunk_label":"unnamed-chunk-13"},{"row":368,"row_count":1,"visible":true,"expansion_state":0,"options":{"engine":"r","label":"unnamed-chunk-52","dev":"png"},"document_id":"C7701F2B","chunk_id":"c8qyrl3pws8ae","chunk_label":"unnamed-chunk-14"},{"row":443,"row_count":1,"visible":true,"expansion_state":0,"options":{"engine":"r","label":"unnamed-chunk-53","dev":"png"},"document_id":"C7701F2B","chunk_id":"ckja6838pn0tn","chunk_label":"unnamed-chunk-15"},{"row":471,"row_count":1,"visible":true,"expansion_state":0,"options":{"engine":"r","label":"unnamed-chunk-55","dev":"png"},"document_id":"C7701F2B","chunk_id":"c9dlvle2afpyk","chunk_label":"unnamed-chunk-16"},{"row":507,"row_count":1,"visible":true,"expansion_state":0,"options":{"engine":"r","label":"unnamed-chunk-1","dev":"png"},"document_id":"C7701F2B","chunk_id":"cggk3dj5fghcn","chunk_label":"unnamed-chunk-17"},{"row":527,"row_count":1,"visible":true,"expansion_state":0,"options":{"engine":"r","label":"unnamed-chunk-2","dev":"png"},"document_id":"C7701F2B","chunk_id":"c9puado517fph","chunk_label":"unnamed-chunk-18"},{"row":543,"row_count":1,"visible":true,"expansion_state":0,"options":{"engine":"r","label":"unnamed-chunk-3","dev":"png"},"document_id":"C7701F2B","chunk_id":"c64la4u0s1ctt","chunk_label":"unnamed-chunk-19"}],"doc_write_time":1749291203,"working_dir":null,"default_chunk_options":{"echo":false,"message":false,"results":"hide","warning":false},"chunk_rendered_width":673}